{"accuracy":{"SVC":0.7547601706,"RandomForestClassifier":0.8128186453,"GradientBoostingClassifier":0.7878472583,"AdaBoostClassifier":0.7459161378,"DecisionTreeClassifier":0.7277078348,"KNeighborsClassifier":0.735927583,"LGBMClassifier":0.8580792842,"XGBClassifier":0.8621371345,"CatBoostClassifier":0.8704609302},"precision":{"SVC":0.7660869565,"RandomForestClassifier":0.831934629,"GradientBoostingClassifier":0.8015699956,"AdaBoostClassifier":0.7539222007,"DecisionTreeClassifier":0.723356472,"KNeighborsClassifier":0.7286665322,"LGBMClassifier":0.8889893737,"XGBClassifier":0.8942002719,"CatBoostClassifier":0.9073226545},"recall":{"SVC":0.7334027055,"RandomForestClassifier":0.783975026,"GradientBoostingClassifier":0.7650364204,"AdaBoostClassifier":0.7300728408,"DecisionTreeClassifier":0.7373569199,"KNeighborsClassifier":0.7517169615,"LGBMClassifier":0.818314256,"XGBClassifier":0.8214360042,"CatBoostClassifier":0.825182102},"f1_score":{"SVC":0.7493886231,"RandomForestClassifier":0.8072431158,"GradientBoostingClassifier":0.7828772229,"AdaBoostClassifier":0.7418058786,"DecisionTreeClassifier":0.7302896012,"KNeighborsClassifier":0.7400122926,"LGBMClassifier":0.85218899,"XGBClassifier":0.8562750841,"CatBoostClassifier":0.8643051771},"training_time":{"SVC":7.8245401382,"RandomForestClassifier":2.6907310486,"GradientBoostingClassifier":3.7953789234,"AdaBoostClassifier":0.7995913029,"DecisionTreeClassifier":0.1666970253,"KNeighborsClassifier":0.001224041,"LGBMClassifier":0.3744750023,"XGBClassifier":0.8702719212,"CatBoostClassifier":3.8564600945},"prediction_time":{"SVC":4.7245340347,"RandomForestClassifier":0.1039719582,"GradientBoostingClassifier":0.0096671581,"AdaBoostClassifier":0.0216069221,"DecisionTreeClassifier":0.0011029243,"KNeighborsClassifier":0.2519760132,"LGBMClassifier":0.0163218975,"XGBClassifier":0.0056421757,"CatBoostClassifier":0.0053229332},"total_time":{"SVC":12.549074173,"RandomForestClassifier":2.7947030067,"GradientBoostingClassifier":3.8050460815,"AdaBoostClassifier":0.821198225,"DecisionTreeClassifier":0.1677999496,"KNeighborsClassifier":0.2532000542,"LGBMClassifier":0.3907968998,"XGBClassifier":0.8759140968,"CatBoostClassifier":3.8617830276}}