{"accuracy":{"SVC":0.765581105,"RandomForestClassifier":0.8256164811,"GradientBoostingClassifier":0.7927374883,"AdaBoostClassifier":0.7573613568,"DecisionTreeClassifier":0.722401415,"KNeighborsClassifier":0.7444594735,"LGBMClassifier":0.8645302258,"XGBClassifier":0.8681718864,"CatBoostClassifier":0.8747268755},"precision":{"SVC":0.7739373122,"RandomForestClassifier":0.8430168823,"GradientBoostingClassifier":0.8100066123,"AdaBoostClassifier":0.762470813,"DecisionTreeClassifier":0.7168662472,"KNeighborsClassifier":0.7341040462,"LGBMClassifier":0.9008926528,"XGBClassifier":0.9049908425,"CatBoostClassifier":0.9201866978},"recall":{"SVC":0.7502601457,"RandomForestClassifier":0.8002081165,"GradientBoostingClassifier":0.7648283039,"AdaBoostClassifier":0.7475546306,"DecisionTreeClassifier":0.7350676379,"KNeighborsClassifier":0.7664932362,"LGBMClassifier":0.8191467222,"XGBClassifier":0.8226847034,"CatBoostClassifier":0.820603538},"f1_score":{"SVC":0.7619148262,"RandomForestClassifier":0.8210548794,"GradientBoostingClassifier":0.7867694284,"AdaBoostClassifier":0.75493905,"DecisionTreeClassifier":0.7258528566,"KNeighborsClassifier":0.7499490939,"LGBMClassifier":0.8580771746,"XGBClassifier":0.8618772484,"CatBoostClassifier":0.8675467547},"training_time":{"SVC":8.8036448956,"RandomForestClassifier":2.8873920441,"GradientBoostingClassifier":4.1425600052,"AdaBoostClassifier":0.8477239609,"DecisionTreeClassifier":0.1761498451,"KNeighborsClassifier":0.0011680126,"LGBMClassifier":0.4969379902,"XGBClassifier":1.0374679565,"CatBoostClassifier":4.7885341644},"prediction_time":{"SVC":5.3574981689,"RandomForestClassifier":0.1095991135,"GradientBoostingClassifier":0.0120382309,"AdaBoostClassifier":0.02166605,"DecisionTreeClassifier":0.0024461746,"KNeighborsClassifier":0.2520289421,"LGBMClassifier":0.0209980011,"XGBClassifier":0.0068531036,"CatBoostClassifier":0.0052397251},"total_time":{"SVC":14.1611430645,"RandomForestClassifier":2.9969911575,"GradientBoostingClassifier":4.1545982361,"AdaBoostClassifier":0.8693900108,"DecisionTreeClassifier":0.1785960197,"KNeighborsClassifier":0.2531969547,"LGBMClassifier":0.5179359913,"XGBClassifier":1.0443210602,"CatBoostClassifier":4.7937738895}}