{"accuracy":{"SVC":0.765581105,"RandomForestClassifier":0.8282176673,"GradientBoostingClassifier":0.7927374883,"AdaBoostClassifier":0.7573613568,"DecisionTreeClassifier":0.726355218,"KNeighborsClassifier":0.7444594735,"LGBMClassifier":0.8645302258,"XGBClassifier":0.8681718864,"CatBoostClassifier":0.8747268755},"precision":{"SVC":0.7739373122,"RandomForestClassifier":0.8468983722,"GradientBoostingClassifier":0.8100066123,"AdaBoostClassifier":0.762470813,"DecisionTreeClassifier":0.7218029778,"KNeighborsClassifier":0.7341040462,"LGBMClassifier":0.9008926528,"XGBClassifier":0.9049908425,"CatBoostClassifier":0.9201866978},"recall":{"SVC":0.7502601457,"RandomForestClassifier":0.8012486993,"GradientBoostingClassifier":0.7648283039,"AdaBoostClassifier":0.7475546306,"DecisionTreeClassifier":0.7365244537,"KNeighborsClassifier":0.7664932362,"LGBMClassifier":0.8191467222,"XGBClassifier":0.8226847034,"CatBoostClassifier":0.820603538},"f1_score":{"SVC":0.7619148262,"RandomForestClassifier":0.8234413432,"GradientBoostingClassifier":0.7867694284,"AdaBoostClassifier":0.75493905,"DecisionTreeClassifier":0.7290894108,"KNeighborsClassifier":0.7499490939,"LGBMClassifier":0.8580771746,"XGBClassifier":0.8618772484,"CatBoostClassifier":0.8675467547},"training_time":{"SVC":8.0425186157,"RandomForestClassifier":2.6824860573,"GradientBoostingClassifier":3.7909691334,"AdaBoostClassifier":0.8061571121,"DecisionTreeClassifier":0.1635687351,"KNeighborsClassifier":0.0011410713,"LGBMClassifier":0.4206068516,"XGBClassifier":0.9148700237,"CatBoostClassifier":3.7150099277},"prediction_time":{"SVC":4.6355173588,"RandomForestClassifier":0.1037900448,"GradientBoostingClassifier":0.009967804,"AdaBoostClassifier":0.0220701694,"DecisionTreeClassifier":0.0020742416,"KNeighborsClassifier":0.2448179722,"LGBMClassifier":0.0157289505,"XGBClassifier":0.0037150383,"CatBoostClassifier":0.0043549538},"total_time":{"SVC":12.6780359745,"RandomForestClassifier":2.7862761021,"GradientBoostingClassifier":3.8009369373,"AdaBoostClassifier":0.8282272816,"DecisionTreeClassifier":0.1656429768,"KNeighborsClassifier":0.2459590435,"LGBMClassifier":0.4363358021,"XGBClassifier":0.918585062,"CatBoostClassifier":3.7193648815}}