{"accuracy":{"SVC":0.9956704881,"RandomForestClassifier":0.9998576369,"GradientBoostingClassifier":0.9791731219,"AdaBoostClassifier":0.9697771599,"DecisionTreeClassifier":0.9968010183,"KNeighborsClassifier":0.9970689958},"precision":{"SVC":0.9956622228,"RandomForestClassifier":0.999732092,"GradientBoostingClassifier":0.9884753287,"AdaBoostClassifier":0.9788316433,"DecisionTreeClassifier":0.9955891935,"KNeighborsClassifier":0.9941722031},"recall":{"SVC":0.9956788986,"RandomForestClassifier":0.9999832515,"GradientBoostingClassifier":0.9696517996,"AdaBoostClassifier":0.9603229102,"DecisionTreeClassifier":0.9980236823,"KNeighborsClassifier":1.0},"f1_score":{"SVC":0.9956705606,"RandomForestClassifier":0.999857656,"GradientBoostingClassifier":0.9789730886,"AdaBoostClassifier":0.9694889462,"DecisionTreeClassifier":0.9968049515,"KNeighborsClassifier":0.9970775859},"training_time":{"SVC":160.9203050137,"RandomForestClassifier":129.816505909,"GradientBoostingClassifier":256.786452055,"AdaBoostClassifier":50.3067970276,"DecisionTreeClassifier":16.6899940968,"KNeighborsClassifier":0.0179829597},"prediction_time":{"SVC":72.2887349129,"RandomForestClassifier":0.5673999786,"GradientBoostingClassifier":0.1209881306,"AdaBoostClassifier":0.2728259563,"DecisionTreeClassifier":0.0096838474,"KNeighborsClassifier":41.9223589897},"total_time":{"SVC":233.2090399265,"RandomForestClassifier":130.3839058876,"GradientBoostingClassifier":256.9074401855,"AdaBoostClassifier":50.5796229839,"DecisionTreeClassifier":16.6996779442,"KNeighborsClassifier":41.9403419495}}