{"accuracy":{"SVC":0.9956704881,"RandomForestClassifier":0.9998408883,"GradientBoostingClassifier":0.9791731219,"AdaBoostClassifier":0.9697771599,"DecisionTreeClassifier":0.9965581637,"KNeighborsClassifier":0.9970689958},"precision":{"SVC":0.9956622228,"RandomForestClassifier":0.9996986136,"GradientBoostingClassifier":0.9884753287,"AdaBoostClassifier":0.9788316433,"DecisionTreeClassifier":0.9950409083,"KNeighborsClassifier":0.9941722031},"recall":{"SVC":0.9956788986,"RandomForestClassifier":0.9999832515,"GradientBoostingClassifier":0.9696517996,"AdaBoostClassifier":0.9603229102,"DecisionTreeClassifier":0.9980906761,"KNeighborsClassifier":1.0},"f1_score":{"SVC":0.9956705606,"RandomForestClassifier":0.9998409123,"GradientBoostingClassifier":0.9789730886,"AdaBoostClassifier":0.9694889462,"DecisionTreeClassifier":0.9965634589,"KNeighborsClassifier":0.9970775859},"training_time":{"SVC":161.9583511353,"RandomForestClassifier":120.9709010124,"GradientBoostingClassifier":244.0576610565,"AdaBoostClassifier":45.4024529457,"DecisionTreeClassifier":15.2965052128,"KNeighborsClassifier":0.0174856186},"prediction_time":{"SVC":71.9003698826,"RandomForestClassifier":0.532900095,"GradientBoostingClassifier":0.1107008457,"AdaBoostClassifier":0.2513189316,"DecisionTreeClassifier":0.0126099586,"KNeighborsClassifier":22.058398962},"total_time":{"SVC":233.8587210178,"RandomForestClassifier":121.5038011074,"GradientBoostingClassifier":244.1683619022,"AdaBoostClassifier":45.6537718773,"DecisionTreeClassifier":15.3091151714,"KNeighborsClassifier":22.0758845806}}