{"accuracy":{"SVC":0.9961227002,"RandomForestClassifier":0.9997403968,"GradientBoostingClassifier":0.9789721387,"AdaBoostClassifier":0.9693919423,"DecisionTreeClassifier":0.9970354986,"KNeighborsClassifier":0.997186236},"precision":{"SVC":0.9962640308,"RandomForestClassifier":0.9994977903,"GradientBoostingClassifier":0.9894738644,"AdaBoostClassifier":0.9810174379,"DecisionTreeClassifier":0.9957899661,"KNeighborsClassifier":0.9944040105},"recall":{"SVC":0.9959803708,"RandomForestClassifier":0.9999832515,"GradientBoostingClassifier":0.9682449294,"AdaBoostClassifier":0.9573081883,"DecisionTreeClassifier":0.9982916576,"KNeighborsClassifier":1.0},"f1_score":{"SVC":0.9961221806,"RandomForestClassifier":0.999740462,"GradientBoostingClassifier":0.9787442967,"AdaBoostClassifier":0.9690178095,"DecisionTreeClassifier":0.9970392426,"KNeighborsClassifier":0.9971941545},"training_time":{"SVC":170.1132659912,"RandomForestClassifier":119.5680010319,"GradientBoostingClassifier":242.7843239307,"AdaBoostClassifier":45.7311580181,"DecisionTreeClassifier":14.1393129826,"KNeighborsClassifier":0.0167481899},"prediction_time":{"SVC":72.0807209015,"RandomForestClassifier":0.5452432632,"GradientBoostingClassifier":0.1126160622,"AdaBoostClassifier":0.2561421394,"DecisionTreeClassifier":0.0085370541,"KNeighborsClassifier":21.4142079353},"total_time":{"SVC":242.1939868927,"RandomForestClassifier":120.1132442951,"GradientBoostingClassifier":242.8969399929,"AdaBoostClassifier":45.9873001575,"DecisionTreeClassifier":14.1478500366,"KNeighborsClassifier":21.4309561253}}