{
    "accuracy_score": 0.8752367079388201,
    "precision_score": 0.9133504492939666,
    "recall_score": 0.8291332847778587,
    "f1_score": 0.8692066885546308,
    "roc_auc_score": 0.9340730952629765
}