{
    "accuracy_score": 0.8685360524399126,
    "precision_score": 0.9078014184397163,
    "recall_score": 0.8203932993445011,
    "f1_score": 0.8618869079501109,
    "roc_auc_score": 0.9293036709954597
}